{
  "engine": "compile-selfplay-v2-control",
  "completedAt": "2026-07-22T13:20:45+09:00",
  "trainingRuns": 3,
  "totalSelfPlayGames": 125600,
  "finalRun": {
    "generations": 10,
    "population": 14,
    "gamesPerCandidate": 60,
    "benchmarkGames": 2400,
    "controlAware": true,
    "cardSchema": 72
  },
  "fair": {
    "policy": {
      "compiled": 127.6737979994711,
      "lane": 5.438446753099108,
      "ready": 38.20988602156289,
      "threat": 79.5499645576447,
      "hand": 2.5411992852060283,
      "card": 0.7729945806514877,
      "effect": 1.4230760434228484,
      "denial": 0.6565275698681198,
      "future": 0.41084831312478276,
      "repeat": 0.8286885717575817,
      "risk": 0.44768079171327035
    },
    "versusBaseline": { "wins": 1581, "losses": 819, "draws": 0, "winRate": 0.65875 }
  },
  "oracle": {
    "policy": {
      "compiled": 74.98189882789869,
      "lane": 6.358032160460138,
      "ready": 66.25984683920818,
      "threat": 110.2625945091882,
      "hand": 2.4119836080861594,
      "card": 1.0244184369549243,
      "effect": 1.4453844960028632,
      "denial": 0.9108084031771898,
      "future": 0.5470667931025838,
      "repeat": 0.970749245045437,
      "risk": 0.31744436448861457
    },
    "versusBaseline": { "wins": 1639, "losses": 761, "draws": 0, "winRate": 0.6829166666666666 },
    "versusFair": { "wins": 582, "losses": 618, "draws": 0, "winRate": 0.485 }
  }
}
