{
  "engine": "compile-selfplay-v1",
  "completedAt": "2026-07-22T12:46:33+09:00",
  "trainingRuns": 2,
  "totalSelfPlayGames": 104000,
  "finalRun": {
    "generations": 12,
    "population": 20,
    "gamesPerCandidate": 100,
    "benchmarkGames": 2000
  },
  "fair": {
    "policy": {
      "compiled": 100.35897785901422,
      "lane": 4.912998375498513,
      "ready": 32.87993953896267,
      "threat": 88.02835776711747,
      "hand": 3.4461244694925868,
      "card": 0.6519376852013781,
      "effect": 1.195923868405921,
      "denial": 0.9781785412955802,
      "future": 0.5117783396798399,
      "repeat": 1.0327040427238299,
      "risk": 0.7395461288032522
    },
    "versusBaseline": { "wins": 1194, "losses": 805, "draws": 1, "winRate": 0.59725 }
  },
  "oracle": {
    "policy": {
      "compiled": 73.597448100511,
      "lane": 4.482572337937171,
      "ready": 29.910985114415887,
      "threat": 48.26040123561058,
      "hand": 3.5757354574443907,
      "card": 0.5662818206288274,
      "effect": 1.814800768903916,
      "denial": 1.1691660460988258,
      "future": 0.24171036371730906,
      "repeat": 0.697564022038184,
      "risk": 0.8860692162052098
    },
    "versusBaseline": { "wins": 1240, "losses": 758, "draws": 2, "winRate": 0.6205 },
    "versusFair": { "wins": 572, "losses": 428, "draws": 0, "winRate": 0.572 }
  }
}
